<?xml version="1.0" encoding="UTF-8"?>
<!-- Sample mapping equivalent to a ping request. -->
<application xmlns:xsi="http://www.w3.org/2001/XMLSchema-instance"
    xmlns="https://www.sas.com/sfm/eop"
    xsi:schemaLocation="http://www.sas.com/sfm/eop mapping.xsd">
    
    <messages name="SEPA">
        <message messageType="csvMap1" subType="1.0" mapperId="csvMap1">
			<fields>
			
				<field name="smh_tran_type" default="TRX"/>

				<field name="smh_cust_type" default="B"/>
					
				<field name="smh_acct_type" default="CS"/>
				
				<field name="smh_authenticate_mtd" default="CP"/>
				
				<field name="smh_channel_type" default="D"/>

				<field name="smh_activity_type" default="BF"/>
				
				<field name="smh_activity_detail1" default="NAP"/>
				
				<field name="smh_activity_detail2" default="DEE"/>
				
				<field name="smh_activity_detail3" default="DUA"/>
				
				<field name="smh_msg_type" default="1"/>

				<field name="smh_resp_req" default="1"/>
				
				<field name="smh_priority" default="5"/>
				
				<field name="smh_sdd_ind" default="1"/>
				
				<field name="smh_multi_org_name" default="MOBILE"/>
				
				<field name="smh_dest" default="SFME"/>
				


				<field name="rur_30byte_string_003">
					<srcField name="EFMSChannelReferenceNumber"/>
				</field>
        
				<field name="rua_30byte_string_001">
				<srcField name="EFMSChannelReferenceNumber"/>
				</field>

				<field name="rua_8byte_string_003">
					<srcField name="ChannelCode"/>
				</field>

				<field name="smh_client_tran_type">
					<srcField name="TransferType"/>
				</field>

				<field name="xqo_cust_num">
					<srcField name="CustomerId"/>
				</field>

				<field name="rur_30byte_string_002">
					<srcField name="CustomerId"/>
				</field>

				<field name="aqo_acct_num">
					<srcField name="AccountId"/>
				</field>

				<field name="tbt_tran_amt">
					<srcField name="TransactionAmountInTransactionCurrencyAmount"/>
				</field>

				<field name="tbt_tran_curr_code">
					<srcField name="TransactionAmountInTransactionCurrencyCurrency"/>
				</field>

				<field name="tpp_acct_num">
					<srcField name="BeneficiaryAccountId"/>
				</field>

				<field name="tpp_name">
					<srcField name="BeneficiaryName"/>
				</field>

				<field name="hqo_card_num">
					<srcField name="MaskedCardNumber"/>
				</field>

				<field name="ucm_pos">
					<srcField name="POSMode"/>
				</field>

				<field name="ucm_card_present">
					<srcField name="CardPresent"/>
				</field>

				<field name="rua_20byte_string_001">
					<srcField name="MerchantId"/>
				</field>

				<field name="tbt_bill_cat">
					<srcField name="PaymentPurpose"/>
				</field>

				<field name="dua_10byte_string_001">
					<srcField name="MerchantCategoryCode"/>
				</field>

				<field name="hqo_ob_userid">
					<srcField name="OnlineBankingUserID"/>
				</field>
				
				<field name="rqo_tran_date" >
					<srcField name="tranDate" />
				</field>
				
				<field name="rqo_tran_date_alt" >
					<srcField name="tranDate" />
				</field>
				
				<field name="rqo_tran_time" >
					<srcField name="tranTime" />
				</field>
				
				<field name="rqo_tran_time_alt" >
					<srcField name="tranTime" />
				</field>

	        </fields>
        </message>
    </messages>
</application>
