<?xml version="1.0" encoding="UTF-8"?>
<!-- Sample mapping equivalent to a ping request. -->
<application xmlns:xsi="http://www.w3.org/2001/XMLSchema-instance"
    xmlns="https://www.sas.com/sfm/eop"
    xsi:schemaLocation="http://www.sas.com/sfm/eop mapping.xsd">
    
    <messages name="SEPA">
        <message messageType="xmlMap1" subType="1.0" mapperId="xmlMap1">
			<fields>
			
				<field name="smh_tran_type" default="TRX"/>

				<field name="smh_cust_type" default="I"/>
					
				<field name="smh_acct_type" default="CC"/>
				
				<field name="smh_authenticate_mtd" default="CP"/>
				
				<field name="smh_channel_type" default="D"/>
									
				<field name="smh_activity_detail1" default="DBA"/>
				
				<field name="smh_activity_detail2" default="DEE"/>
				
				<field name="smh_activity_detail3" default="DUA"/>
				
				<field name="smh_msg_type" default="1"/>

				<field name="smh_resp_req" default="1"/>
				
				<field name="smh_priority" default="5"/>
				
				<field name="smh_sdd_ind" default="1"/>
				
				<field name="smh_multi_org_name" default="GLOBAL"/>
				
				<field name="smh_dest" default="SFME"/>
				
				<field name="smh_client_tran_type">
					<srcField name="smh_client_tran_type" />
				</field>

				<field name="smh_source">
					<srcField name="smh_source" />
				</field>

				<field name="rqo_tran_date">
					<srcField name="rqo_tran_date" />
				</field>

				<field name="rqo_tran_time">
					<srcField name="rqo_tran_time" />
				</field>

				<field name="rqo_tran_date_alt">
					<srcField name="rqo_tran_date_alt" />
				</field>

				<field name="rqo_tran_time_alt">
					<srcField name="rqo_tran_time_alt" />
				</field>

				<field name="xqo_language">
					<srcField name="xqo_language" />
				</field>

				<field name="xqo_cust_num">
					<srcField name="xqo_cust_num" />
				</field>

				<field name="xqo_cust_name">
					<srcField name="xqo_cust_name" />
				</field>

				<field name="xqo_phone">
					<srcField name="xqo_phone" />
				</field>

				<field name="aqc_credit_limit">
					<srcField name="aqc_credit_limit" />
				</field>

				<field name="aqc_cash_limit">
					<srcField name="aqc_cash_limit" />
				</field>

				<field name="aqc_open_to_buy">
					<srcField name="aqc_open_to_buy" />
				</field>

				<field name="ucm_term_pan_entry_cap">
					<srcField name="ucm_term_pan_entry_cap" />
				</field>

				<field name="ucm_term_pin_entry_cap">
					<srcField name="ucm_term_pin_entry_cap" />
				</field>

				<field name="ucm_pos">
					<srcField name="ucm_pos" />
				</field>

				<field name="ucm_avs_resp">
					<srcField name="ucm_avs_resp" />
				</field>

				<field name="ucm_avs_post_code">
					<srcField name="ucm_avs_post_code" />
				</field>

				<field name="ucm_pin_vrfy">
					<srcField name="ucm_pin_vrfy" />
				</field>

				<field name="ucm_card_exp_date">
					<srcField name="ucm_card_exp_date" />
				</field>

				<field name="ucm_acs_refer_code">
					<srcField name="ucm_acs_refer_code" />
				</field>

				<field name="ucc_chip_data_status">
					<srcField name="ucc_chip_data_status" />
				</field>

				<field name="ucc_arqc_valid">
					<srcField name="ucc_arqc_valid" />
				</field>

				<field name="ucc_ol_limit_host">
					<srcField name="ucc_ol_limit_host" />
				</field>

				<field name="ucc_tvr">
					<srcField name="ucc_tvr" />
				</field>

				<field name="ucc_cvr">
					<srcField name="ucc_cvr" />
				</field>

				<field name="hqo_entity_use_pb_userid">
					<srcField name="hqo_entity_use_pb_userid" />
				</field>

				<field name="ucc_aip">
					<srcField name="ucc_aip" />
				</field>

				<field name="hqo_card_num">
					<srcField name="hqo_card_num" />
				</field>

				<field name="hqo_entity_use_card">
					<srcField name="hqo_entity_use_card" />
				</field>
				
				<field name="hqo_device_id_type">
					<srcField name="hqo_device_id_type" />
				</field>

				<field name="hqo_limit_type">
					<srcField name="hqo_limit_type" />
				</field>

				<field name="hqo_limit_sub_type">
					<srcField name="hqo_limit_sub_type" />
				</field>

				<field name="hqo_limit_cnt">
					<srcField name="hqo_limit_cnt" />
				</field>

				<field name="hqo_msg_type">
					<srcField name="hqo_msg_type" />
				</field>

				<field name="hct_seq_num">
					<srcField name="hct_seq_num" />
				</field>

				<field name="hct_card_purpose">
					<srcField name="hct_card_purpose" />
				</field>

				<field name="hct_ch_post_code">
					<srcField name="hct_ch_post_code" />
				</field>

				<field name="hct_ch_cntry_code">
					<srcField name="hct_ch_cntry_code" />
				</field>

				<field name="hct_asso_dec_code">
					<srcField name="hct_asso_dec_code" />
				</field>

				<field name="hct_term_owner_id">
					<srcField name="hct_term_owner_id" />
				</field>

				<field name="hct_mer_mcc">
					<srcField name="hct_mer_mcc" />
				</field>

				<field name="hct_term_id">
					<srcField name="hct_term_id" />
				</field>

				<field name="hct_client_term_cat">
					<srcField name="hct_client_term_cat" />
				</field>

				<field name="hct_term_owner_name">
					<srcField name="hct_term_owner_name" />
				</field>

				<field name="hob_ip_address">
					<srcField name="hob_ip_address" />
				</field>

				<field name="hob_ip_address_v6">
					<srcField name="hob_ip_address_v6" />
				</field>

				<field name="hct_term_city">
					<srcField name="hct_term_city" />
				</field>

				<field name="hct_term_post_code">
					<srcField name="hct_term_post_code" />
				</field>

				<field name="hct_term_cntry_code">
					<srcField name="hct_term_cntry_code" />
				</field>

				<field name="hct_term_owner_name_lcl">
					<srcField name="hct_term_owner_name_lcl" />
				</field>

				<field name="hct_acq_cntry_code">
					<srcField name="hct_acq_cntry_code" />
				</field>

				<field name="hct_acq_id">
					<srcField name="hct_acq_id" />
				</field>

				<field name="hob_ip_city">
					<srcField name="hob_ip_city" />
				</field>

				<field name="hob_logon_date">
					<srcField name="hob_logon_date" />
				</field>

				<field name="hob_device">
					<srcField name="hob_device" />
				</field>

				<field name="hob_match_ind">
					<srcField name="hob_match_ind" />
				</field>

				<field name="hdf_javascript_enable">
					<srcField name="hdf_javascript_enable" />
				</field>

				<field name="hdf_dev_fp_type">
					<srcField name="hdf_dev_fp_type" />
				</field>

				<field name="hdf_dev_dst_ind">
					<srcField name="hdf_dev_dst_ind" />
				</field>

				<field name="hdf_dev_dst_act">
					<srcField name="hdf_dev_dst_act" />
				</field>

				<field name="hob_website_name">
					<srcField name="hob_website_name" />
				</field>

				<field name="hdf_dev_cpu">
					<srcField name="hdf_dev_cpu" />
				</field>

				<field name="hdf_bwsr_os">
					<srcField name="hdf_bwsr_os" />
				</field>

				<field name="hdf_dev_screen_width">
					<srcField name="hdf_dev_screen_width" />
				</field>

				<field name="hdf_bwsr_type">
					<srcField name="hdf_bwsr_type" />
				</field>

				<field name="hdf_http_accept_encod">
					<srcField name="hdf_http_accept_encod" />
				</field>

				<field name="hdf_bwsr_cookie_enabled">
					<srcField name="hdf_bwsr_cookie_enabled" />
				</field>

				<field name="tbt_ref_num">
					<srcField name="tbt_ref_num" />
				</field>

				<field name="tbt_tran_status">
					<srcField name="tbt_tran_status" />
				</field>

				<field name="tbt_tran_amt">
					<srcField name="tbt_tran_amt" />
				</field>

				<field name="tbt_tran_curr_code">
					<srcField name="tbt_tran_curr_code" />
				</field>

				<field name="tbt_mod_amt">
					<srcField name="tbt_mod_amt" />
				</field>

				<field name="tbt_bill_sub_cat">
					<srcField name="tbt_bill_sub_cat" />
				</field>

				<field name="tbt_group_amt">
					<srcField name="tbt_group_amt" />
				</field>

				<field name="dua_20byte_string_005">
					<srcField name="dua_20byte_string_005" />
				</field>

				<field name="dua_10byte_string_004">
					<srcField name="dua_10byte_string_004" />
				</field>

				<field name="dua_80byte_string_002">
					<srcField name="dua_80byte_string_002" />
				</field>

				<field name="dua_10byte_string_001">
					<srcField name="dua_10byte_string_001" />
				</field>

				<field name="dua_10byte_string_003">
					<srcField name="dua_10byte_string_003" />
				</field>

				<field name="dua_10byte_string_008">
					<srcField name="dua_10byte_string_008" />
				</field>

				<field name="dua_20byte_string_002">
					<srcField name="dua_20byte_string_002" />
				</field>

				<field name="rua_ind_002">
					<srcField name="rua_ind_002" />
				</field>

				<field name="rua_ind_003">
					<srcField name="rua_ind_003" />
				</field>

				<field name="rua_3byte_string_006">
					<srcField name="rua_3byte_string_006" />
				</field>

				<field name="rua_ind_005">
					<srcField name="rua_ind_005" />
				</field>

				<field name="rua_numeric_008">
					<srcField name="rua_numeric_008" />
				</field>

				<field name="rua_numeric_009">
					<srcField name="rua_numeric_009" />
				</field>

				<field name="rua_ind_001">
					<srcField name="rua_ind_001" />
				</field>

				<field name="rua_numeric_013">
					<srcField name="rua_numeric_013" />
				</field>

				<field name="rua_numeric_015">
					<srcField name="rua_numeric_015" />
				</field>

				<field name="rua_numeric_016">
					<srcField name="rua_numeric_016" />
				</field>

				<field name="rua_numeric_017">
					<srcField name="rua_numeric_017" />
				</field>

				<field name="rua_numeric_018">
					<srcField name="rua_numeric_018" />
				</field>

				<field name="rua_ind_015">
					<srcField name="rua_ind_015" />
				</field>

				<field name="rua_ind_031">
					<srcField name="rua_ind_031" />
				</field>

				<field name="rua_2byte_string_001">
					<srcField name="rua_2byte_string_001" />
				</field>

				<field name="rua_2byte_string_004">
					<srcField name="rua_2byte_string_004" />
				</field>

				<field name="rua_2byte_string_005">
					<srcField name="rua_2byte_string_005" />
				</field>

				<field name="rua_2byte_string_007">
					<srcField name="rua_2byte_string_007" />
				</field>

				<field name="rua_2byte_string_008">
					<srcField name="rua_2byte_string_008" />
				</field>

				<field name="rua_3byte_string_002">
					<srcField name="rua_3byte_string_002" />
				</field>

				<field name="rua_3byte_string_003">
					<srcField name="rua_3byte_string_003" />
				</field>

				<field name="rua_3byte_string_004">
					<srcField name="rua_3byte_string_004" />
				</field>

				<field name="rua_3byte_string_005">
					<srcField name="rua_3byte_string_005" />
				</field>

				<field name="rua_20byte_string_002">
					<srcField name="rua_20byte_string_002" />
				</field>

				<field name="rua_30byte_string_001">
					<srcField name="rua_30byte_string_001" />
				</field>

				<field name="rua_4byte_string_001">
					<srcField name="rua_4byte_string_001" />
				</field>

				<field name="rua_4byte_string_002">
					<srcField name="rua_4byte_string_002" />
				</field>

				<field name="rur_4byte_string_002">
					<srcField name="rur_4byte_string_002" />
				</field>

				<field name="rur_4byte_string_004">
					<srcField name="rur_4byte_string_004" />
				</field>

				<field name="rur_30byte_string_004">
					<srcField name="rur_30byte_string_004" />
				</field>

				<field name="rua_20byte_string_001">
					<srcField name="rua_20byte_string_001" />
				</field>

				<field name="smh_activity_type">
				   <srcField name="smh_activity_type" />
				</field>
				
				<field name="ucm_cat">
					<srcField name="ucm_cat" />
				</field>

				<field name="ucm_cvv_cvc">
					<srcField name="ucm_cvv_cvc" />
				</field>

				<field name="ucm_cvv2_psnt">
					<srcField name="ucm_cvv2_psnt" />
				</field>

				<field name="ucm_track2_present">
					<srcField name="ucm_track2_present" />
				</field>

				<field name="ucm_ch_evrfy">
					<srcField name="ucm_ch_evrfy" />
				</field>

				<field name="ucc_atc_host">
					<srcField name="ucc_atc_host" />
				</field>

				<field name="ucc_chip_cond_code">
					<srcField name="ucc_chip_cond_code" />
				</field>

				<field name="hqo_entity_use_ob_userid">
					<srcField name="hqo_entity_use_ob_userid" />
				</field>

				<field name="hct_which_card">
					<srcField name="hct_which_card" />
				</field>

				<field name="hob_ip_isp">
					<srcField name="hob_ip_isp" />
				</field>

				<field name="hob_session_id">
					<srcField name="hob_session_id" />
				</field>

				<field name="hob_webpage_code">
					<srcField name="hob_webpage_code" />
				</field>

				<field name="tng_tran_status">
					<srcField name="tng_tran_status" />
				</field>

				<field name="dua_10byte_string_002">
					<srcField name="dua_10byte_string_002" />
				</field>

				<field name="dua_40byte_string_004">
					<srcField name="dua_40byte_string_004" />
				</field>

				<field name="rua_numeric_010">
					<srcField name="rua_numeric_010" />
				</field>

				<field name="rua_numeric_011">
					<srcField name="rua_numeric_011" />
				</field>

				<field name="rua_ind_004">
					<srcField name="rua_ind_004" />
				</field>

				<field name="rua_ind_010">
					<srcField name="rua_ind_010" />
				</field>

				<field name="rua_3byte_string_001">
					<srcField name="rua_3byte_string_001" />
				</field>

				<field name="rua_3byte_string_008">
					<srcField name="rua_3byte_string_008" />
				</field>

				<field name="rur_ind_007">
					<srcField name="rur_ind_007" />
				</field>

				<field name="rur_4byte_string_001">
					<srcField name="rur_4byte_string_001" />
				</field>
        
				<field name="rur_ind_008">
					<srcField name="rur_ind_008" />
				</field>

				<field name="aqo_limit_amt">
					<srcField name="aqo_limit_amt" />
				</field>
				
				<field name="hdf_http_accept_lang">
					<srcField name="hdf_http_accept_lang" />
				</field>
				
				<field name="hqo_device_id">
					<srcField name="hqo_device_id" />
				</field>
				
				<field name="rua_2byte_string_006">
					<srcField name="rua_2byte_string_006" />
				</field>
				
				<field name="rua_2byte_string_002">
					<srcField name="rua_2byte_string_002" />
				</field>
				
				<field name="rua_2byte_string_003">
					<srcField name="rua_2byte_string_003" />
				</field>

				
	        </fields>
        </message>
    </messages>
</application>