<?xml version="1.0" encoding="UTF-8"?>
<!DOCTYPE log4j:configuration SYSTEM "log4j.dtd">
<log4j:configuration debug="true"
    xmlns:log4j='http://jakarta.apache.org/log4j/'>

    <appender name="file" class="org.apache.log4j.RollingFileAppender">
       <param name="append" value="false" />
       <param name="maxFileSize" value="100MB" />
       <param name="maxBackupIndex" value="10" />
       <param name="file" value="logs/olApp.log" />
       <layout class="org.apache.log4j.PatternLayout">
           <!--<param name="ConversionPattern" value="%t %d{yyyy-MM-dd HH:mm:ss} %-5p %c{1} - %m%n" />-->
           <param name="ConversionPattern" value="%t %d{yyyy-MM-dd HH:mm:ss.SSS} %-5p %c{1} - %m%n" />
       </layout>
    </appender>

    <appender name="reports" class="org.apache.log4j.RollingFileAppender">
       <param name="append" value="true" />
       <param name="maxFileSize" value="100MB" />
       <param name="maxBackupIndex" value="10" />
       <param name="file" value="logs/reports.log" />
       <layout class="org.apache.log4j.PatternLayout">
           <param name="ConversionPattern" value="%d{yyyy-MM-dd HH:mm:ss} %-5p - %m%n" />
       </layout>
    </appender>

    <!-- Use daily rolling if needed. -->
    <appender name="daily" class="org.apache.log4j.DailyRollingFileAppender">
       <param name="append" value="true" />
       <param name="maxBackupIndex" value="15" />
       <param name="datePattern" value="yyyy-MM-dd" />
       <!-- <param name="datePattern" value="yyyy-MM-dd-HH" /> -->
       <param name="file" value="logs/dailyreports.log" />
       <layout class="org.apache.log4j.PatternLayout">
           <param name="ConversionPattern" value="%d{yyyy-MM-dd HH:mm:ss} %-5p %c - %m%n" />
       </layout>
    </appender>

    <!-- async appenders can help I/O bounded apps -->
    <appender name="asycFile" class="org.apache.log4j.AsyncAppender">
        <param name="BufferSize" value="10240"/>
        <appender-ref ref="file" />
    </appender> 

    <appender name="asycReports" class="org.apache.log4j.AsyncAppender">
        <param name="BufferSize" value="10240"/>
        <appender-ref ref="reports" />
    </appender> 

    <appender name="asycDaily" class="org.apache.log4j.AsyncAppender">
        <param name="BufferSize" value="1024"/>
        <appender-ref ref="daily" />
    </appender> 

    <appender name="console" class="org.apache.log4j.ConsoleAppender">
        <layout class="org.apache.log4j.PatternLayout">
            <param name="ConversionPattern" value="%d{yyyy-MM-dd HH:mm:ss} %-5p %c{1}:%L - %m%n"/>
        </layout>
    </appender>

        <!-- value can be any of these: ALL, DEBUG, ERROR, FATAL, INFO, OFF, TRACE, WARN -->
        <!-- ALL < DEBUG < INFO < WARN < ERROR < FATAL < OFF -->
        <!-- Turning on verbose logging levels can have negative impact on performance. -->

        <root>
            <level value="INFO"/>
        <appender-ref ref="asycFile"/>
        </root>
		
	<appender name="groovyFileAppender" class="org.apache.log4j.RollingFileAppender">
			<param name="append" value="false"/>
			<param name="maxFileSize" value="100MB"/>
			<param name="maxBackupIndex" value="10"/>
			<param name="file" value="logs/groovy.log"/>
			<layout class="org.apache.log4j.PatternLayout">
				<param name="ConversionPattern" value="%d{yyyy-MM-dd HH:mm:ss} %-5p %c{1} - %m%n"/>
			</layout>
	</appender>

	<logger name="groovy" additivity="false">
		<level value="INFO"/>
		<appender-ref ref="groovyFileAppender"/>
	</logger>	

    <logger name="reporter" additivity="false">
        <level value="INFO"/>
        <appender-ref ref="asycReports"/>
        <!-- <appender-ref ref="asycDaily"/> -->
    </logger>

    <logger name="com.sas.finance.fraud.ol" additivity="false">
        <level value="INFO"/>
        <appender-ref ref="asycFile"/>
    </logger>

<!--     <logger name="com.sas.finance.fraud.ol.xmltransform"> -->
<!--         <level value="ERROR"/> -->
<!--         <appender-ref ref="file"/> -->
<!--     </logger> -->

<!--     <logger name="com.sas.finance.fraud.ol.utils"> -->
<!--         <level value="INFO"/> -->
<!--         <appender-ref ref="file"/> -->
<!--     </logger> -->
    
<!--     <logger name="com.sas.finance.fraud.ol.saf"> -->
<!--          <level value="DEBUG" />  -->
<!--         <appender-ref ref="file" /> -->
<!--     </logger> -->

<!--     <logger name="com.sas.finance.fraud.ol.beans.CustomExchangeTracker"> -->
<!--          <level value="INFO" />  -->
<!--         <appender-ref ref="file" /> -->
<!--     </logger> -->

         <!--<logger name="com.sas.finance.fraud.ol.saf" additivity="false">-->
              <!--<level value="DEBUG" />-->
             <!--<appender-ref ref="file" />-->
         <!--</logger>-->

        <!--<logger name="com.sas.finance.fraud.ol.monitor.OdeProcessorLivenessChecker" additivity="false">-->
            <!--<level value="DEBUG" />-->
            <!--<appender-ref ref="file" />-->
        <!--</logger>-->
        <!--<logger name="com.sas.finance.fraud.ol.monitor.DynamicFailOverLoadBalancer" additivity="false">-->
            <!--<level value="DEBUG" />-->
            <!--<appender-ref ref="file" />-->
        <!--</logger>-->

</log4j:configuration>
